Name,Role,Location,Headshot URL,Artist URL,Show on Profile?,Status Signifier,Status Flags,Current Work,Profile ID,slug,Previous Slugs,lastModified
Isabel Martinez,Actor,New York City,https://images.squarespace-cdn.com/content/v1/6022114419b886404b1030fa/1688754593745-N9E8YZU0VE49QMQIOG4J/Marisa+Puller+007.jpg,www.jessebaxter.com,Yes,published,"Volunteer, Fellow, Board Member",Working on a play with women from the Amazon.,isabel-martinez,isa-martinez,,2026-01-13T03:21:53.186Z
Jesse Baxter,"Artistic Director, Co-Founder, Actor, Teaching Artist, Travelogue Emcee",NYC,http://images.squarespace-cdn.com/content/v1/6022114419b886404b1030fa/1613108073697-W65WKM6ZX1IL902DB0UT/jesse.jpg,https://www.jessebaxter.com,Yes,needs_review,"Founding Member, Staff",,jesse-baxter,jesse-baxter,,2026-01-24T21:37:07.380Z
Marisa Puller,Theatremaker,,http://images.squarespace-cdn.com/content/v1/6022114419b886404b1030fa/1688754593745-N9E8YZU0VE49QMQIOG4J/Marisa+Puller+007.jpg,,Yes,published,,,marisa-puller,marisa-puller,,2026-01-13T03:21:53.188Z
Lisa Herman,Theatremaker,,http://images.squarespace-cdn.com/content/v1/6022114419b886404b1030fa/1688754438722-6CKX0R2WNFYSOX4HZN27/IMG_0142.jpeg,,Yes,published,,,lisa-herman,lisa-herman,,2026-01-13T03:21:53.188Z
Maria Segal,Theatremaker,,http://images.squarespace-cdn.com/content/v1/6022114419b886404b1030fa/1688754325884-54R2VVW2TP16PUVTJMLD/IMG_1466.jpg,,Yes,published,,,maria-segal,maria-segal,,2026-01-13T03:21:53.188Z
Deborah Katz,Theatremaker,,http://images.squarespace-cdn.com/content/v1/6022114419b886404b1030fa/1688754127061-XLHKRFWBWV9N5U9UQ5UE/Deborah+Katz+Headshot.JPG,,Yes,published,,,deborah-katz,deborah-katz,,2026-01-13T03:21:53.188Z
Alexandra Dayka,Theatremaker,,http://images.squarespace-cdn.com/content/v1/6022114419b886404b1030fa/1688753959173-M2LM86CD2J8PDT40U18M/IMG_1985.jpg,,Yes,published,,,alexandra-dayka,alexandra-dayka,,2026-01-13T03:21:53.188Z
Mathilde Prosen-Oldani,Theatremaker,,http://images.squarespace-cdn.com/content/v1/6022114419b886404b1030fa/1688753036942-IFAX0D3LJFO4U8B9YLH1/Tilda6804BW+%282%29+%281%29.jpg,,Yes,published,,,mathilde-prosen-oldani,mathilde-prosen-oldani,,2026-01-13T03:21:53.188Z
Yan Rey,Road Manager,,http://images.squarespace-cdn.com/content/v1/6022114419b886404b1030fa/1688752206990-AL7Y5GAW3AMGR71JYRJD/Yan_foto-perfil.jpg,,Yes,published,,,yan-rey,yan-rey,,2026-01-13T03:21:53.188Z
Juliana “Juice” Franco,Road Manager,,http://images.squarespace-cdn.com/content/v1/6022114419b886404b1030fa/1688752375733-3HVJWR97ZY7DQ1ZH1P5A/juice.jpg,,Yes,published,,,juliana-franco,juliana-franco,,2026-01-13T03:21:53.188Z
Daniela Garzón-Silva,Road Manager,,http://images.squarespace-cdn.com/content/v1/6022114419b886404b1030fa/1688755665448-6R1OMNYCMKOS8G1CZMPH/IMG_2761.jpg,,Yes,published,,,daniela-garzon-silva,daniela-garzon-silva,,2026-01-13T03:21:53.188Z
Kasie Lerner,Actor,,http://images.squarespace-cdn.com/content/v1/6022114419b886404b1030fa/1617844446633-EQ6SGA9LEH0CJV8AKOC7/168074336_1390732711264622_4966028028468866050_n.jpg,,Yes,published,,,kasie-lerner,kasie-lerner,,2026-01-13T03:21:53.188Z
Willem Rogers,Actor,,http://images.squarespace-cdn.com/content/v1/6022114419b886404b1030fa/1617942673998-OJE4UK7OLP9T7B2OKP8L/DSC07151.jpg,,Yes,published,,,willem-rogers,willem-rogers,,2026-01-13T03:21:53.188Z
Taylor Rekus,Actor,,http://images.squarespace-cdn.com/content/v1/6022114419b886404b1030fa/1617847534518-J6DN59BOHBMB1P4LF72R/DSCN4262.jpg,,Yes,published,,,taylor-rekus,taylor-rekus,,2026-01-13T03:21:53.188Z
Gina Mattucci,Actor,,http://images.squarespace-cdn.com/content/v1/6022114419b886404b1030fa/1617847994134-RTAQFXB6JKY8X7OR64N1/image_6487327.JPG,,Yes,published,,,gina-mattucci,gina-mattucci,,2026-01-13T03:21:53.188Z
Clara Coslett,Actor,,http://images.squarespace-cdn.com/content/v1/6022114419b886404b1030fa/1617855176429-KCN8YLQEQ35F2EXFY880/%5BClara%5D_%5BCoslett%5D_CSSD_London.jpg..jpg,,Yes,published,,,clara-coslett,clara-coslett,,2026-01-13T03:21:53.188Z
Megan Durner,Production Stage Manager,,http://images.squarespace-cdn.com/content/v1/6022114419b886404b1030fa/1617847310779-ZH69E1T1UKHAJYUMNH6U/unnamed.jpg,,Yes,published,,,megan-durner,megan-durner,,2026-01-13T03:21:53.188Z
Naira Agvani Zakaryan,Actor,,http://images.squarespace-cdn.com/content/v1/6022114419b886404b1030fa/1613937777622-R3Y0VB12USCYH5FDMYSV/Naira+Zakaryan+Headshot.jpg,,Yes,published,,,naira-agvani-zakaryan,naira-agvani-zakaryan,,2026-01-13T03:21:53.188Z
Liz Eacmen,Actor,,http://images.squarespace-cdn.com/content/v1/6022114419b886404b1030fa/1613937671543-ZARIP6YVW7NX8RASO6NO/Liz+Eacmen+Headshot.jpg,,Yes,published,,,liz-eacmen,liz-eacmen,,2026-01-13T03:21:53.188Z
Leslie Root,Actor,,http://images.squarespace-cdn.com/content/v1/6022114419b886404b1030fa/1613937555313-IOY3DFCXD75RWPO4LPEV/Leslie+Root.JPG,,Yes,published,,,leslie-root,leslie-root,,2026-01-13T03:21:53.188Z
Sam Super,Actor,,http://images.squarespace-cdn.com/content/v1/6022114419b886404b1030fa/1613937406990-7KYMA7XHC7ZF51ODDJGV/sam+super+headshot.JPG,,Yes,published,,,sam-super,sam-super,,2026-01-13T03:21:53.188Z
Melíza Gutierrez,Actor,,http://images.squarespace-cdn.com/content/v1/6022114419b886404b1030fa/1613937289533-ZUE1304E15YXXPEMY6SU/Meliza%2BGutierrez%2BHeadshot%2BS2017.jpg,,Yes,published,,,meliza-gutierrez,meliza-gutierrez,,2026-01-13T03:21:53.188Z
Madison Trice,Actor,,http://images.squarespace-cdn.com/content/v1/6022114419b886404b1030fa/1613937154527-4VAEK8VT1Z7KKTVI2T5C/Madison+Trice.jpg,,Yes,published,,,madison-trice,madison-trice,,2026-01-13T03:21:53.188Z
Javier Spivey,Actor,,http://images.squarespace-cdn.com/content/v1/6022114419b886404b1030fa/1613937012050-7HWDMXIJ72U50MKM7JSQ/javier.PNG,,Yes,published,,,javier-spivey,javier-spivey,,2026-01-13T03:21:53.188Z
Peter Petkovšek,Director,,http://images.squarespace-cdn.com/content/v1/6022114419b886404b1030fa/1613936866403-QO2DX0RHGL3HYGI200RB/peter1.jpg,,Yes,published,Staff,,peter-petkovsek,peter-petkovsek,,2026-01-13T03:21:53.188Z
Antonia LaChe,Actor,,http://images.squarespace-cdn.com/content/v1/6022114419b886404b1030fa/1613936607702-F761Q990IMD6WVFFLC16/Antonia%2BLaChe%2BMcCain.jpg,,Yes,published,,,antonia-lache,antonia-lache,,2026-01-13T03:21:53.188Z
Sabrina Carmichael,Actor,,http://images.squarespace-cdn.com/content/v1/6022114419b886404b1030fa/1613936403881-SPEBIIPJX9NRYLPJRSFK/Sabrina+Carmichael+Headshot.jpg,,Yes,published,,,sabrina-carmichael,sabrina-carmichael,,2026-01-13T03:21:53.188Z
Diana Weyel,Actor,,http://images.squarespace-cdn.com/content/v1/6022114419b886404b1030fa/1616727652457-VDH361ES4BCYVZ3UFBQP/diana-weyel.jpg,,Yes,published,,,diana-weyel,diana-weyel,,2026-01-13T03:21:53.188Z
Stephie Guerrero,"Road Manager, Child Wrangler",,http://images.squarespace-cdn.com/content/v1/6022114419b886404b1030fa/1616726942977-RFCPQBIK3O9P8UTG1OZ4/18056676_10154969773715709_5425125363342066013_n.jpg,,Yes,published,,,stephie-guerrero,stephie-guerrero,,2026-01-13T03:21:53.188Z
Ana Arellano,Road Manager,,http://images.squarespace-cdn.com/content/v1/6022114419b886404b1030fa/1616727468148-OBFR2IM4WPQ43JVPXH13/21728911_10156595589829056_8394607501235178776_o.jpg,,Yes,published,,,ana-arellano,ana-arellano,,2026-01-13T03:21:53.188Z
Patricia Campbell,Writer,,http://images.squarespace-cdn.com/content/v1/6022114419b886404b1030fa/1613935282140-V5V10Q4ON4OJAOC8HUO8/FB_IMG_1466115069892.jpg,,Yes,published,,,patricia-campbell,patricia-campbell,,2026-01-13T03:21:53.188Z
Edward Serrate Yujo,Writer,,http://images.squarespace-cdn.com/content/v1/6022114419b886404b1030fa/1613935170124-9XS6A1U5IOBFI686PLKG/Edward%2BSerrate%2BYujo.jpg,,Yes,published,,,edward-serrate-yujo,edward-serrate-yujo,,2026-01-13T03:21:53.188Z
Sam Jones,Writer,,http://images.squarespace-cdn.com/content/v1/6022114419b886404b1030fa/1613934885380-Z9HDUGZNS0ZTMB4P80VT/sam-jones.jpg,,Yes,published,,,sam-jones,sam-jones,,2026-01-13T03:21:53.188Z
Natalie Giaccio,Writer,,http://images.squarespace-cdn.com/content/v1/6022114419b886404b1030fa/1613934783811-MBC9KE5JCJTFGSC9VVHH/natalie-giaccio.jpg,,Yes,published,,,natalie-giaccio,natalie-giaccio,,2026-01-13T03:21:53.188Z
Amanda Donohue,Writer,,http://images.squarespace-cdn.com/content/v1/6022114419b886404b1030fa/1613934502930-Z2UT4RXWZ5UQ2CUA7BP3/amanda.jpg,,Yes,published,,,amanda-donohue,amanda-donohue,,2026-01-13T03:21:53.188Z
Karina Velez,Writer,,http://images.squarespace-cdn.com/content/v1/6022114419b886404b1030fa/1613934301373-S42B5WWWIUTT131JL2PS/KarinaV.jpg,,Yes,published,,,karina-velez,karina-velez,,2026-01-13T03:21:53.188Z
Mai Reina Gold,Actor,,http://images.squarespace-cdn.com/content/v1/6022114419b886404b1030fa/1613934138499-QIBOTGNJJZN60Q81FAKD/Mai%2BReina%2BGold.jpg,,Yes,published,,,mai-reina-gold,mai-reina-gold,,2026-01-13T03:21:53.188Z
Melissa Gaiti,Writer,,http://images.squarespace-cdn.com/content/v1/6022114419b886404b1030fa/1616721709229-A7RNFQG480B9B8EJ27E0/13726573_1098207563597439_6917377136699726710_n.jpg,,Yes,published,,,melissa-gaiti,melissa-gaiti,,2026-01-13T03:21:53.188Z
Ariana Castillo,Writer,,http://images.squarespace-cdn.com/content/v1/6022114419b886404b1030fa/1613933579899-11IUT2JWKGFQE80K6S5A/Ariana.jpg,,Yes,published,,,ariana-castillo,ariana-castillo,,2026-01-13T03:21:53.188Z
Sarah Grace Sanders,Actor,,http://images.squarespace-cdn.com/content/v1/6022114419b886404b1030fa/1613933262135-F5F5TH5EW4IHG51XN884/Sarah+Grace+Sanders+Legit.jpg,,Yes,published,,,sarah-grace-sanders,sarah-grace-sanders,,2026-01-13T03:21:53.188Z
Michael Herman,Director,,http://images.squarespace-cdn.com/content/v1/6022114419b886404b1030fa/1613933088429-8AVBUB3QMUJHFCAHOY1H/michael.jpg,,Yes,published,,,michael-herman,michael-herman,,2026-01-13T03:21:53.188Z
Candis C. Jones,Actor,,http://images.squarespace-cdn.com/content/v1/6022114419b886404b1030fa/1613932489973-TG4PG1XTLULS7HIUGTKN/candis.jpg,,Yes,published,,,candis-c-jones,candis-c-jones,,2026-01-13T03:21:53.188Z
Brian Telestai,Actor,,http://images.squarespace-cdn.com/content/v1/6022114419b886404b1030fa/1616721076807-QJQ1M0H5EXSXHQNA2LSO/BTelestai_Headshot.jpg,,Yes,published,,,brian-telestai,brian-telestai,,2026-01-13T03:21:53.188Z
Kerith Telestai,Actor,,http://images.squarespace-cdn.com/content/v1/6022114419b886404b1030fa/1613932151543-RM7NUGN3KASCREJ4KPJ9/Kerith.JPG,,Yes,published,,,kerith-telestai,kerith-telestai,,2026-01-13T03:21:53.188Z
Kate Moran,Actor,,http://images.squarespace-cdn.com/content/v1/6022114419b886404b1030fa/1613935623907-JYWZHSOOKVGRVQUB04H4/kate.jpg,,Yes,published,,,kate-moran,kate-moran,,2026-01-13T03:21:53.188Z
Giulia Martinelli,"Actor, Travelogue Moderator",,http://images.squarespace-cdn.com/content/v1/6022114419b886404b1030fa/1613931731374-ITDBK5MYLWFQY777FBE6/Giullia5977+copy.JPG,,Yes,published,,,giulia-martinelli,giulia-martinelli,,2026-01-13T03:21:53.188Z
Laura Bernas,Actor,,http://images.squarespace-cdn.com/content/v1/6022114419b886404b1030fa/1613931533901-B67WMPM6MHY5BSCENUYY/Laura+Bernas+2.jpg,,Yes,published,,,laura-bernas,laura-bernas,,2026-01-13T03:21:53.188Z
Anikke Fox,Actor,,http://images.squarespace-cdn.com/content/v1/6022114419b886404b1030fa/1613931433079-B6EQVOZDHYA0LCJ5I0WN/Anikke+014rWebOnly.jpg,,Yes,published,,,anikke-fox,anikke-fox,,2026-01-13T03:21:53.188Z
Vanessa Frank,"Actor, Theatremaker",,http://images.squarespace-cdn.com/content/v1/6022114419b886404b1030fa/1688754861007-4RUX9L53DLN1CLZL8XTT/118156207_10223731886945103_6433242048186063002_n.jpg,,Yes,published,,,vanessa-frank,vanessa-frank,,2026-01-13T03:21:53.188Z
Danielle Click,Actor,,http://images.squarespace-cdn.com/content/v1/6022114419b886404b1030fa/1613931129169-98GE2SI8II65V5DEIV2N/Danielle_Headshots_KMitiska_Photography_002.jpg,,Yes,published,,,danielle-click,danielle-click,,2026-01-13T03:21:53.188Z
Sophia Pervilhac,Actor,,http://images.squarespace-cdn.com/content/v1/6022114419b886404b1030fa/1613930992215-KVE6F5IEN7TKRHICOUSS/Sophia.png,,Yes,published,,,sophia-pervilhac,sophia-pervilhac,,2026-01-13T03:21:53.188Z
Tsebiyah Mishael,Actor,,http://images.squarespace-cdn.com/content/v1/6022114419b886404b1030fa/1613930143565-1MYUZMQULQQVIPWPYB4U/TSEBIYAH+MISHAEL+HEADSHOT.+SMALL+DIGITAL+USE+02.jpg,,Yes,published,,,tsebiyah-mishael,tsebiyah-mishael,,2026-01-13T03:21:53.188Z
Karina Sindicich,Actor,,http://images.squarespace-cdn.com/content/v1/6022114419b886404b1030fa/1613930863354-2A79O50TTWZH8RP0URH0/Karina.jpg,,Yes,published,Staff,,karina-sindicich,karina-sindicich,,2026-01-13T03:21:53.188Z
Sarapia Veruli,Road Manager,,http://images.squarespace-cdn.com/content/v1/6022114419b886404b1030fa/1616717858866-LFPVN7WSIGYOPI84LOXZ/51039879768_98c261a176_k.jpg,,Yes,published,,,sarapia-veruli,sarapia-veruli,,2026-01-13T03:21:53.188Z
Jackson Kain Kibona,Road Manager,,http://images.squarespace-cdn.com/content/v1/6022114419b886404b1030fa/1616718117028-BNI8X71B532NX5JD05VC/15936875_10211993628345862_5502015450018807687_o.jpg,,Yes,published,,,jackson-kain-kibona,jackson-kain-kibona,,2026-01-13T03:21:53.188Z
Jacqueline Kaphipa,Road Manager,,http://images.squarespace-cdn.com/content/v1/6022114419b886404b1030fa/1616720822344-4Z6TSNGNKWQQXJ2GXNVZ/15590137_1171260982969040_2837528016110178340_n.jpg,,Yes,published,,,jacqueline-kaphipa,jacqueline-kaphipa,,2026-01-13T03:21:53.188Z
Willa McWhorter,Actor,,http://images.squarespace-cdn.com/content/v1/6022114419b886404b1030fa/1613801504867-VI7OJGBTKUIQUQ9OV9CK/Wilhelmina%2BRose.JPG,,Yes,published,,,willa-mcwhorter,willa-mcwhorter,,2026-01-13T03:21:53.188Z
Vicki Rodriguez,Actor,,http://images.squarespace-cdn.com/content/v1/6022114419b886404b1030fa/1613801411622-2W2N8TYN2NP05WICAJPU/Vicki%2BRodriguez.jpg,,Yes,published,,,vicki-rodriguez,vicki-rodriguez,,2026-01-13T03:21:53.188Z
Sydney Eberwein,Actor,,http://images.squarespace-cdn.com/content/v1/6022114419b886404b1030fa/1613801316600-WAJNVXUNE9TC6NS4JTEM/Sydney%2BEberwein.jpg,,Yes,published,,,sydney-eberwein,sydney-eberwein,,2026-01-13T03:21:53.188Z
Susanna Morris,Actor,,http://images.squarespace-cdn.com/content/v1/6022114419b886404b1030fa/1613801167008-LL2UVWREQV1BDXS6Y0ZJ/Susanna%2BMorris.jpg,,Yes,published,,,susanna-morris,susanna-morris,,2026-01-13T03:21:53.188Z
Renna Wirchin,Actor,,http://images.squarespace-cdn.com/content/v1/6022114419b886404b1030fa/1613800970424-X4KLBXXGF6MID8TXYEOY/Renna%2BWirchin.jpg,,Yes,published,,,renna-wirchin,renna-wirchin,,2026-01-13T03:21:53.188Z
Noelle Dominique Rodriguez,Actor,,http://images.squarespace-cdn.com/content/v1/6022114419b886404b1030fa/1613800762246-X4ETMP2K335X27DG8BSN/Noelle%2BDominique%2BRodriguez.jpg,,Yes,published,,,noelle-dominique-rodriguez,noelle-dominique-rodriguez,,2026-01-13T03:21:53.188Z
Nativa Kesecker,Actor,,http://images.squarespace-cdn.com/content/v1/6022114419b886404b1030fa/1613800674027-FWVHPN9FUCZ5IW38Z61K/Nativa%2BKesecker%2B2.jpg,,Yes,published,,,nativa-kesecker,nativa-kesecker,,2026-01-13T03:21:53.188Z
Nancy Monahan,Actor,,http://images.squarespace-cdn.com/content/v1/6022114419b886404b1030fa/1613800529874-91QGJ33B9GBT1BT42BF7/Nancy%2BMonahan.jpg,,Yes,published,,,nancy-monahan,nancy-monahan,,2026-01-13T03:21:53.188Z
Monica Hanigan,Actor,,http://images.squarespace-cdn.com/content/v1/6022114419b886404b1030fa/1613800410385-2W4WUD3SBSNHQAOQD8QV/Monica%2BHanigan.jpg,,Yes,published,,,monica-hanigan,monica-hanigan,,2026-01-13T03:21:53.188Z
Mikayla O'Neill,Actor,,http://images.squarespace-cdn.com/content/v1/6022114419b886404b1030fa/1613800254151-PAN9L2BR5KNJ1QVTFUNW/Mikayla%2BO%27Neill.jpg,,Yes,published,,,mikayla-oneill,mikayla-oneill,,2026-01-13T03:21:53.188Z
Megan Peters,Actor,,http://images.squarespace-cdn.com/content/v1/6022114419b886404b1030fa/1613800172840-NQZ59G638LC0X421LMT0/Megan%2BPeters%2B2.jpg,,Yes,published,,,megan-peters,megan-peters,,2026-01-13T03:21:53.188Z
Marla Jane Caram,Actor,,http://images.squarespace-cdn.com/content/v1/6022114419b886404b1030fa/1613799769810-2IVRO5KDI10B5E87JKGA/Marla%2BJane%2BCaram.jpg,,Yes,published,,,marla-jane-caram,marla-jane-caram,,2026-01-13T03:21:53.188Z
Lily Lipman,Actor,,http://images.squarespace-cdn.com/content/v1/6022114419b886404b1030fa/1613799658796-4ZKECTMA1K0Z39ZNVPM9/Lily%2BLipman.jpg,,Yes,published,,,lily-lipman,lily-lipman,,2026-01-13T03:21:53.188Z
Katelynn Burns,Actor,,http://images.squarespace-cdn.com/content/v1/6022114419b886404b1030fa/1616719688297-QD9TOYW29AQMU6MX57F6/Katelynn%252BBurns.jpg,,Yes,published,,,katelynn-burns,katelynn-burns,,2026-01-13T03:21:53.188Z
Isaac Snyder,Actor,,http://images.squarespace-cdn.com/content/v1/6022114419b886404b1030fa/1613799965466-WUNMRU2VUSZM826VNUAI/Isaac%2BSnyder%2B2.jpg,,Yes,published,,,isaac-snyder,isaac-snyder,,2026-01-13T03:21:53.188Z
Gareth Tidball,Actor,,http://images.squarespace-cdn.com/content/v1/6022114419b886404b1030fa/1613799280691-X6NUVGY0AF84LQLSYTPG/Gareth%2BTidball.jpg,,Yes,published,,,gareth-tidball,gareth-tidball,,2026-01-13T03:21:53.188Z
Eli Sibley,Teaching Artist,,http://images.squarespace-cdn.com/content/v1/6022114419b886404b1030fa/1613798720789-7HRO1K22XB4W464TI50U/Eli%2BSibley.jpg,,Yes,published,,,eli-sibley,eli-sibley,,2026-01-13T03:20:49.002Z
Dylan Lack,Actor,,http://images.squarespace-cdn.com/content/v1/6022114419b886404b1030fa/1613798620607-DF8NCY8C29D3S4Z20PLB/Dylan%2BLack.jpg,,Yes,published,,,dylan-lack,dylan-lack,,2026-01-13T03:20:49.002Z
Dayton Gould,Actor,,http://images.squarespace-cdn.com/content/v1/6022114419b886404b1030fa/1613798515703-B0JDPHZUKR0FO8LW0HFW/Dayton%2BGould.jpg,,Yes,published,,,dayton-gould,dayton-gould,,2026-01-13T03:20:49.002Z
Daryl Paris Bright,Actor,,http://images.squarespace-cdn.com/content/v1/6022114419b886404b1030fa/1613798247558-DSYQ5HF4RKJ78SPBN5AC/daryl%2Bheadshot%2B2015%2Bmoux.jpg,,Yes,published,,,daryl-paris-bright,daryl-paris-bright,,2026-01-13T03:20:49.002Z
Cheyenne Shupp,Actor,,http://images.squarespace-cdn.com/content/v1/6022114419b886404b1030fa/1613797738384-V75PZ915MY9NE5IQGN3V/Cheyenne%2BShupp.jpg,,Yes,published,,,cheyenne-shupp,cheyenne-shupp,,2026-01-13T03:20:49.002Z
Cameron Cuthill,Actor,,http://images.squarespace-cdn.com/content/v1/6022114419b886404b1030fa/1613796978614-X3L4S9MQR776GWF2BHIN/Cameron%2BCuthill.jpg,,Yes,published,,,cameron-cuthill,cameron-cuthill,,2026-01-13T03:20:49.002Z
Bryce Britton,Director,,http://images.squarespace-cdn.com/content/v1/6022114419b886404b1030fa/1613796813666-HZPKLGV56EVB6F4CU0J7/Bryce%2BBritton.jpg,,Yes,published,,,bryce-britton,bryce-britton,,2026-01-13T03:20:49.002Z
Annie Hartkemeyer,Actor,,http://images.squarespace-cdn.com/content/v1/6022114419b886404b1030fa/1613796719370-QG32GCK9JT6BYBGA3FUC/Annie%2BHartkemeyer.jpg,,Yes,published,,,annie-hartkemeyer,annie-hartkemeyer,,2026-01-13T03:20:49.002Z
Anna Kendall,Actor,,http://images.squarespace-cdn.com/content/v1/6022114419b886404b1030fa/1613796561730-8SP4WLV8DE77R1QPRS8A/Anna%2BKendall.jpg,,Yes,published,,,anna-kendall,anna-kendall,,2026-01-13T03:20:49.002Z
Amna Mehmood,Actor,,http://images.squarespace-cdn.com/content/v1/6022114419b886404b1030fa/1613796459049-W8AVD96E3NXQGCPOOR3W/Amna%2BMehmood.jpg,,Yes,published,,,amna-mehmood,amna-mehmood,,2026-01-13T03:20:49.003Z
Amber Steffey,Actor,,http://images.squarespace-cdn.com/content/v1/6022114419b886404b1030fa/1613796277430-IDHPFOVPSIG74RP4HKHN/Amber%2BSteffey.jpg,,Yes,published,,,amber-steffey,amber-steffey,,2026-01-13T03:20:49.003Z
Alex Wanebo,Actor,,http://images.squarespace-cdn.com/content/v1/6022114419b886404b1030fa/1613795908601-IWMXWI441AZDDO1EGZGF/Alex%2BWanebo.jpg,,Yes,published,,,alex-wanebo,alex-wanebo,,2026-01-13T03:20:49.003Z
Tamara Ďuračková,Road Manager,,http://images.squarespace-cdn.com/content/v1/6022114419b886404b1030fa/1616724156881-6W9DU1QCCXX0BKOSOICE/11838562_10153108148693404_3891979656691939027_o.jpg,,Yes,published,,,tamara-durackova,tamara-durackova,,2026-01-13T03:20:49.003Z
Dorota “Dori” Smiešková,Road Manager,,http://images.squarespace-cdn.com/content/v1/6022114419b886404b1030fa/1616723582430-SLQI9TLYRGAQT6K0K0PC/11702805_10200851011594592_8568429820825625980_n.jpg,,Yes,published,,,dorota-smieskova,dorota-smieskova,,2026-01-13T03:20:49.003Z
Nick Lehane,Actor,,http://images.squarespace-cdn.com/content/v1/6022114419b886404b1030fa/1613795531033-FVRAK15L5C5E8L8U0V5H/nick.jpg,,Yes,published,,,nick-lehane,nick-lehane,,2026-01-13T03:20:49.003Z
Barbara Herucová,"Manager of Community Partnerships in Czechia & Slovakia, Road Manager",,http://images.squarespace-cdn.com/content/v1/6022114419b886404b1030fa/1616725992694-TNS2JIIE17GYNSMTZJYV/64537018_10157465992125439_6983616771756392448_o.jpg,,Yes,published,Staff,,barbara-herucova,barbara-herucova,,2026-01-13T03:20:49.003Z
Lucia Šipošová,Actor,,http://images.squarespace-cdn.com/content/v1/6022114419b886404b1030fa/1613795242949-PJ2SCIWU20QZIIKVW4AZ/lucia.jpg,,Yes,published,,,lucia-siposova,lucia-siposova,,2026-01-13T03:20:49.003Z
Jonathan David,Actor,,http://images.squarespace-cdn.com/content/v1/6022114419b886404b1030fa/1613794654878-09P08Z84WELWBXIF6W0K/JD.jpg,,Yes,published,,,jonathan-david,jonathan-david,,2026-01-13T03:20:49.003Z
Igor Hudák,Actor,,http://images.squarespace-cdn.com/content/v1/6022114419b886404b1030fa/1616711156559-A31SI2V2178CODPXUKH5/331192_105829252864412_1302309063_o.jpg,,Yes,published,,,igor-hudak,igor-hudak,,2026-01-13T03:20:49.003Z
Lukáš Hudák,Actor,,http://images.squarespace-cdn.com/content/v1/6022114419b886404b1030fa/1616710471100-10F5GPS5J9FBTGB9U5UV/122672736_170514648031650_1846613209505408356_o.jpg,,Yes,published,,,lukas-hudak,lukas-hudak,,2026-01-13T03:20:49.003Z
Ján Koky,Actor,,http://images.squarespace-cdn.com/content/v1/6022114419b886404b1030fa/1616710412128-MX50G59VP8E5PXWXUXCO/11705331_10100652633833629_3121844706544446174_n.jpg,,Yes,published,,,jan-koky,jan-koky,,2026-01-13T03:20:49.003Z
Cori Dioquino,Actor,,http://images.squarespace-cdn.com/content/v1/6022114419b886404b1030fa/1616707587925-L7O4Z4H5TTTW6LF6TRI3/Cori%2B6v2.png,,Yes,published,,,cori-dioquino,cori-dioquino,,2026-01-13T03:20:49.003Z
Jean Nizalowski,"Teaching Artist, Child Wrangler",,http://images.squarespace-cdn.com/content/v1/6022114419b886404b1030fa/1613787011813-OAQPQO2BUZKO6QJ04L61/Jean%2BNizalowski%2B2.jpg,,Yes,published,,,jean-nizalowski,jean-nizalowski,,2026-01-13T03:20:49.003Z
Evan Brenner,Playwright,,http://images.squarespace-cdn.com/content/v1/6022114419b886404b1030fa/1613786069771-IO7HJJMLI1SC76TO9DF3/EvanBrenner%2B2.jpg,,Yes,published,,,evan-brenner,evan-brenner,,2026-01-13T03:20:49.003Z
Godfrey Betetse,"Manager of Community Partnerships in Tanzania, Road Manager, Actor",,http://images.squarespace-cdn.com/content/v1/6022114419b886404b1030fa/1616718859201-5596QTV76EQYXW2LPCF4/51040302602_2ca34e1a5c_o.jpg,,Yes,published,,,godfrey-betetse,godfrey-betetse,,2026-01-13T03:20:49.003Z
Said Diwani,Road Manager,,http://images.squarespace-cdn.com/content/v1/6022114419b886404b1030fa/1616719429860-DGE09HX6VF4WIT1RAHCD/12787566_1720210818218869_2061232876_o.jpg,,Yes,published,,,said-diwani,said-diwani,,2026-01-13T03:20:49.003Z
Claudia Toth,Production Stage Manager,,http://images.squarespace-cdn.com/content/v1/6022114419b886404b1030fa/1613932722461-I1D9B837M1DK4B9ZXC1Y/claudia.jpg,,Yes,published,,,claudia-toth,claudia-toth,,2026-01-13T03:20:49.003Z
Tina Valentova,Road Manager,,,,Yes,published,,,tina-valentova,tina-valentova,,2026-01-13T03:20:49.003Z
Sian Youngerman,Actor,,http://images.squarespace-cdn.com/content/v1/6022114419b886404b1030fa/1613517840841-LL01U1CJ79LHPFAL08QQ/Sian.jpg,,Yes,published,,,sian-youngerman,sian-youngerman,,2026-01-13T03:20:49.003Z
Sean Devare,Actor,,http://images.squarespace-cdn.com/content/v1/6022114419b886404b1030fa/1613517726915-F86CUCPHBP2W7W23RLQE/sean.jpg,,Yes,published,,,sean-devare,sean-devare,,2026-01-13T03:20:49.003Z
Ryan Whinnem,Director,,http://images.squarespace-cdn.com/content/v1/6022114419b886404b1030fa/1613517341825-LH5XGS7YYMCTD02CABMX/Ryan%2BScott%2BWhinnem.jpg,,Yes,published,,,ryan-whinnem,ryan-whinnem,,2026-01-13T03:20:49.003Z
Rachel Padell,Actor,,http://images.squarespace-cdn.com/content/v1/6022114419b886404b1030fa/1613517207374-7UDKZ7MR1376LXC221TO/rachel+copy.JPG,,Yes,published,,,rachel-padell,rachel-padell,,2026-01-13T03:20:49.003Z
Nicole Lippey,Actor,,http://images.squarespace-cdn.com/content/v1/6022114419b886404b1030fa/1613517066585-2HC0KLMK5IGV56B7AN7W/nicole.jpg,,Yes,published,,,nicole-lippey,nicole-lippey,,2026-01-13T03:20:49.003Z
Meghan Cashel,Actor,,http://images.squarespace-cdn.com/content/v1/6022114419b886404b1030fa/1613516732267-0F38L1GLIDW9Z51M0WIC/Meghan.jpg,,Yes,published,,,meghan-cashel,meghan-cashel,,2026-01-13T03:20:49.003Z
Lizzie Harless,"Actor, Response Team Writer",,http://images.squarespace-cdn.com/content/v1/6022114419b886404b1030fa/1613516591657-02Q6IKKAR7VMIVGCBXQQ/Lizzie.jpg,,Yes,published,,,lizzie-harless,lizzie-harless,,2026-01-13T03:20:49.003Z
Lindsay Arber,Actor,,http://images.squarespace-cdn.com/content/v1/6022114419b886404b1030fa/1613516280690-FYG8BZ5N4ULMVGN3DV4M/Lindsay.jpg,,Yes,published,,,lindsay-arber,lindsay-arber,,2026-01-13T03:20:49.003Z
Lilli Litton,Actor,,http://images.squarespace-cdn.com/content/v1/6022114419b886404b1030fa/1613516157975-I9OPTEI9V2TIJFTZG5RF/lilli.jpg,,Yes,published,,,lilli-litton,lilli-litton,,2026-01-13T03:20:49.003Z
Kana Hatakeyama,Actor,,http://images.squarespace-cdn.com/content/v1/6022114419b886404b1030fa/1613516011194-UYFCHPXA6D7XZL1FEBZL/Kana.jpg,,Yes,published,,,kana-hatakeyama,kana-hatakeyama,,2026-01-13T03:20:49.003Z
Joseph Dale Harris,Actor,,http://images.squarespace-cdn.com/content/v1/6022114419b886404b1030fa/1613515851946-C52WWM5SSMR5P77ULCAC/joseph.jpg,,Yes,published,,,joseph-dale-harris,joseph-dale-harris,,2026-01-13T03:20:49.003Z
John Kish,Actor,,http://images.squarespace-cdn.com/content/v1/6022114419b886404b1030fa/1613515729413-ZJ8BCIFWVIDRO4YH7XCL/John.jpg,,Yes,published,,,john-kish,john-kish,,2026-01-13T03:20:49.003Z
Jillian Ferry,"Actor, Child Wrangler",,http://images.squarespace-cdn.com/content/v1/6022114419b886404b1030fa/1613515598319-6YXUUQ5X1K7NVCCV43Y7/jillian.jpg,,Yes,published,,,jillian-ferry,jillian-ferry,,2026-01-13T03:20:49.003Z
Hollie Klem,Director,,http://images.squarespace-cdn.com/content/v1/6022114419b886404b1030fa/1613514767513-BLMSWLNH6ME9XWK0N9SQ/Hollie.jpg,,Yes,published,,,hollie-klem,hollie-klem,,2026-01-13T03:20:49.003Z
Hannah Donovan,Actor,,http://images.squarespace-cdn.com/content/v1/6022114419b886404b1030fa/1613514676924-AMMCJS140VEYQ1VQ9PPV/Hannah.jpg,,Yes,published,,,hannah-donovan,hannah-donovan,,2026-01-13T03:20:49.003Z
Hailey Moran,"Actor, Intern, Fellow, Travelogue Emcee",,http://images.squarespace-cdn.com/content/v1/6022114419b886404b1030fa/1613514495741-H4RU5JFS01OX4ATIENGN/hailey.JPG,,Yes,published,,,hailey-moran,hailey-moran,,2026-01-13T03:20:49.003Z
Grace Phelan,Actor,,http://images.squarespace-cdn.com/content/v1/6022114419b886404b1030fa/1613514197270-ZT6YB2NKUH22E9SVL4VX/Grace.JPG,,Yes,published,,,grace-phelan,grace-phelan,,2026-01-13T03:20:49.003Z
Glenna Grant,Actor,,http://images.squarespace-cdn.com/content/v1/6022114419b886404b1030fa/1613513929726-BR2ZDBAO41U8XR19AFMI/glenna.jpg,,Yes,published,,,glenna-grant,glenna-grant,,2026-01-13T03:20:49.003Z
Danya Taymor,Director,,http://images.squarespace-cdn.com/content/v1/6022114419b886404b1030fa/1613513663335-C1XUBW0U1QTIOHTBP87G/danya.jpg,,Yes,published,,,danya-taymor,danya-taymor,,2026-01-13T03:20:49.003Z
Caitlin Mileon,Actor,,http://images.squarespace-cdn.com/content/v1/6022114419b886404b1030fa/1613513463542-YXTID995TV8FJG70EJIU/caitlinmileon.jpg,,Yes,published,,,caitlin-mileon,caitlin-mileon,,2026-01-13T03:20:49.003Z
Bree Mahoney,"Actor, Child Wrangler",,http://images.squarespace-cdn.com/content/v1/6022114419b886404b1030fa/1613513304010-5CRDZSTQAJ6MIU2YD8FM/bree.jpg,,Yes,published,,,bree-mahoney,bree-mahoney,,2026-01-13T03:20:49.003Z
Ashley Dowden,Actor,,http://images.squarespace-cdn.com/content/v1/6022114419b886404b1030fa/1613512945827-X1ZSM3MLCAKACG1KPAVL/ashley.png,,Yes,published,,,ashley-dowden,ashley-dowden,,2026-01-13T03:20:49.003Z
Anthony Johnson,Actor,,http://images.squarespace-cdn.com/content/v1/6022114419b886404b1030fa/1613512547367-S2NCGJ790CN7K4J6CNO7/anthony.jpg,,Yes,published,,,anthony-johnson,anthony-johnson,,2026-01-13T03:20:49.003Z
Pedro “Andres” Veintimilla,"Road Manager, Actor",,http://images.squarespace-cdn.com/content/v1/6022114419b886404b1030fa/1616638662225-3I3FC8O5VLADGSP2QEQX/10368956_10154350831975068_3222187357451674068_o.jpg,,Yes,published,,,pedro-andres-veintimilla,pedro-andres-veintimilla,,2026-01-13T03:20:49.003Z
Valeria Sorgato,Road Manager,,http://images.squarespace-cdn.com/content/v1/6022114419b886404b1030fa/1616636937774-F0ZFFIQBOVF9KZ6JWK2T/10515200_10100743230696534_307962767151789601_o.jpg,,Yes,published,,,valeria-sorgato,valeria-sorgato,,2026-01-13T03:20:49.003Z
Francisco Cervantes,Road Manager,,http://images.squarespace-cdn.com/content/v1/6022114419b886404b1030fa/1616636597531-U5Q4W3I5NN61Z8YW7N67/10524583_3262994050928_6841579254152553018_n.jpg,,Yes,published,,,francisco-cervantes,francisco-cervantes,,2026-01-13T03:20:49.003Z
Julieta M. “Candelaria” Umaña,Road Manager,,http://images.squarespace-cdn.com/content/v1/6022114419b886404b1030fa/1616638138051-NSBVAS5PTELVR8ITRPBH/10507094_10152146116062750_830310143590190595_o.jpg,,Yes,published,,,julieta-m-candelaria-umana,julieta-m-candelaria-umana,,2026-01-13T03:20:49.003Z
Andrew Clarke,Actor,,http://images.squarespace-cdn.com/content/v1/6022114419b886404b1030fa/1613455297168-MTKDJFXJQZBY9RCZ3UR2/Andrew%2BClarke.jpg,,Yes,published,,,andrew-clarke,andrew-clarke,,2026-01-13T03:20:49.003Z
Thomas Burns Scully,Actor,,http://images.squarespace-cdn.com/content/v1/6022114419b886404b1030fa/1613454794191-W20YLPVCQ2ZLXOAR79HU/thomas.jpg,,Yes,published,,,thomas-burns-scully,thomas-burns-scully,,2026-01-13T03:20:49.003Z
Matt Stannah,Actor,,http://images.squarespace-cdn.com/content/v1/6022114419b886404b1030fa/1613453943679-Y27PXWXJ4O1Q4Y74QIN1/matt.jpg,,Yes,published,,,matt-stannah,matt-stannah,,2026-01-13T03:20:49.003Z
Laura Riveros,Actor,,http://images.squarespace-cdn.com/content/v1/6022114419b886404b1030fa/1613453616773-OFXCFBG8LFVH6PNQRQ8N/unnamed.png,,Yes,published,,,laura-riveros,laura-riveros,,2026-01-13T03:20:49.003Z
Tom Costello,Director,,http://images.squarespace-cdn.com/content/v1/6022114419b886404b1030fa/1613455136725-5VHSF5P11I21FEFFW3D7/tom.JPG,,Yes,published,,,tom-costello,tom-costello,,2026-01-13T03:20:49.003Z
Nicholas Linnehan,Actor,,http://images.squarespace-cdn.com/content/v1/6022114419b886404b1030fa/1613454488105-PCEHVNYC2821UTOYRXMI/nicholas.jpg,,Yes,published,,,nicholas-linnehan,nicholas-linnehan,,2026-01-13T03:20:49.003Z
Michael Axelrod,"Actor, Travelogue Emcee",,http://images.squarespace-cdn.com/content/v1/6022114419b886404b1030fa/1613454166656-J2JZA8NJX1IQCH96SYSF/michael.jpg,,Yes,published,,,michael-axelrod,michael-axelrod,,2026-01-13T03:20:49.003Z
Lacy Allen,"Actor, Travelogue Emcee",,http://images.squarespace-cdn.com/content/v1/6022114419b886404b1030fa/1613453218789-VZFWV024GLIHBDKZJ7JB/lacy.jpg,,Yes,published,,,lacy-allen,lacy-allen,,2026-01-13T03:20:49.003Z
Katherine A. Uyeda,Actor,,http://images.squarespace-cdn.com/content/v1/6022114419b886404b1030fa/1613453130277-FB8Q6TSQENZ1SA5AD23X/katherine.jpg,,Yes,published,,,katherine-a-uyeda,katherine-a-uyeda,,2026-01-13T03:20:49.003Z
Janice Amaya,Actor,,http://images.squarespace-cdn.com/content/v1/6022114419b886404b1030fa/1613453000258-UWOO42VFSNF9HGEE9KXY/janice.jpg,,Yes,published,,,janice-amaya,janice-amaya,,2026-01-13T03:20:49.003Z
Ivano Pulito,Actor,,http://images.squarespace-cdn.com/content/v1/6022114419b886404b1030fa/1613452784834-GT6K0B8XOWP958O9G1Z8/ivano.jpg,,Yes,published,,,ivano-pulito,ivano-pulito,,2026-01-13T03:20:49.003Z
Gabriel Kadian,Actor,,http://images.squarespace-cdn.com/content/v1/6022114419b886404b1030fa/1613452387366-FKFZOWIAWII5TS59GUZ9/gabriel.jpg,,Yes,published,,,gabriel-kadian,gabriel-kadian,,2026-01-13T03:20:49.003Z
Claudio Silva,Actor,,http://images.squarespace-cdn.com/content/v1/6022114419b886404b1030fa/1613452288002-LJKASYCA215V5X7V6KTF/claudio.jpg,,Yes,published,,,claudio-silva,claudio-silva,,2026-01-13T03:20:49.003Z
Claire Edmonds,"Actor, Travelogue Emcee",,http://images.squarespace-cdn.com/content/v1/6022114419b886404b1030fa/1613797897705-HM1C7T4Y6RA7TK0L26GX/claireedmonds.jpg,,Yes,published,,,claire-edmonds,claire-edmonds,,2026-01-13T03:20:49.003Z
Brooke Hutchins,Actor,,http://images.squarespace-cdn.com/content/v1/6022114419b886404b1030fa/1613452202749-T2TJ0TKGV199K8DMUVE8/brooke.jpg,,Yes,published,,,brooke-hutchins,brooke-hutchins,,2026-01-13T03:20:49.003Z
Benjamin Ridge,Actor,,http://images.squarespace-cdn.com/content/v1/6022114419b886404b1030fa/1613451854577-VM1QYSRMW14OIGWP0ISU/benjamin.jpg,,Yes,published,,,benjamin-ridge,benjamin-ridge,,2026-01-13T03:20:49.003Z
Ashley James,Actor,,http://images.squarespace-cdn.com/content/v1/6022114419b886404b1030fa/1613451752966-PSBM4FFKFPSKMPXJKMLQ/ashley.jpg,,Yes,published,,,ashley-james,ashley-james,,2026-01-13T03:20:49.003Z
Anna DeBlassio,Actor,,http://images.squarespace-cdn.com/content/v1/6022114419b886404b1030fa/1613451633912-NK3P9JZ7SYNS0OQJU5Y8/anna-1.jpg,,Yes,published,,,anna-deblassio,anna-deblassio,,2026-01-13T03:20:49.003Z
Anna Cherkezishvili,Actor,,http://images.squarespace-cdn.com/content/v1/6022114419b886404b1030fa/1613451521049-2QJUTV4GZ8NR010U2LWN/Anna.jpg,,Yes,published,,,anna-cherkezishvili,anna-cherkezishvili,,2026-01-13T03:20:49.003Z
Amber Finn,Actor,,http://images.squarespace-cdn.com/content/v1/6022114419b886404b1030fa/1613451360221-I27VHYX4QAHL7BHUCJ16/amber.jpg,,Yes,published,,,amber-finn,amber-finn,,2026-01-13T03:20:49.003Z
Alexis Floyd,Actor,,http://images.squarespace-cdn.com/content/v1/6022114419b886404b1030fa/1613451188301-2FZJWOKL76L5XOO5EPQ5/alexis.jpg,,Yes,published,,,alexis-floyd,alexis-floyd,,2026-01-13T03:20:49.003Z
Abbey Glasure,Actor,,http://images.squarespace-cdn.com/content/v1/6022114419b886404b1030fa/1613450666601-IMWFSS3ASZIBUT7JVGQZ/abbey.jpg,,Yes,published,,,abbey-glasure,abbey-glasure,,2026-01-13T03:20:49.003Z
Dominika Široká,"Road Manager, Dramaturg",,http://images.squarespace-cdn.com/content/v1/6022114419b886404b1030fa/1616620424495-2JWLRUT4EDYGWQYFOI6R/17258868462_b8ba3eb04e_c.jpg,,Yes,published,,,dominika-siroka,dominika-siroka,,2026-01-13T03:20:49.003Z
Petra Slováková,Road Manager,,http://images.squarespace-cdn.com/content/v1/6022114419b886404b1030fa/1616603296371-6W3TBJ7IBWPWREDI7EKP/17072877048_163343ba89_k.jpg,,Yes,published,,,petra-slovakova,petra-slovakova,,2026-01-13T03:20:49.003Z
Paul Huelo,Actor,,http://images.squarespace-cdn.com/content/v1/6022114419b886404b1030fa/1616706270214-Z2V1XP8Y1OG1BLXO40QH/10404087_10204021896415667_2537009097621028340_n.jpg,,Yes,published,,,paul-huelo,paul-huelo,,2026-01-13T03:20:49.003Z
Elisha Lawson,Actor,,http://images.squarespace-cdn.com/content/v1/6022114419b886404b1030fa/1613449638702-45A935YTOCUM0ADDSSAP/MV5BM2E0YzlmN2EtNjkyOS00ODBlLWI1ZTAtYTIzMjIyYzU1NDE2XkEyXkFqcGdeQXVyMjQwMDg0Ng%40%40._V1_SY1000_CR0%2C0%2C666%2C1000_AL_-1.jpg,,Yes,published,,,elisha-lawson,elisha-lawson,,2026-01-13T03:20:49.003Z
Carmen Cabrera,Actor,,http://images.squarespace-cdn.com/content/v1/6022114419b886404b1030fa/1613449499509-TAF7BV32FVAJVMF9K72N/MV5BMjIxNjk1OTE5MV5BMl5BanBnXkFtZTgwMjQ4MTgwMDI%40._V1_SY1000_SX1500_AL_.jpg,,Yes,published,,,carmen-cabrera,carmen-cabrera,,2026-01-13T03:20:49.003Z
Carlo Alban,Actor,,http://images.squarespace-cdn.com/content/v1/6022114419b886404b1030fa/1613449282534-VHTBA4JRI9K8XD33W7ZD/MV5BMmRmNmZiZGQtMTFjNy00NDBhLTg2YTEtYmE3NjhmNTVkMTUyXkEyXkFqcGdeQXVyMjM0MzE4NDM%40._V1_SY1000_CR0%2C0%2C983%2C1000_AL_.jpg,,Yes,published,,,carlo-alban,carlo-alban,,2026-01-13T03:20:49.003Z
Richard Šipoš,Road Manager,,http://images.squarespace-cdn.com/content/v1/6022114419b886404b1030fa/1616129607009-1CQM8W6K1OMNF0RGTY71/Screen+Shot+2021-03-19+at+12.52.58+AM.png,,Yes,published,,,richard-sipos,richard-sipos,,2026-01-13T03:20:49.003Z
Lisa Kramer,Writer,,http://images.squarespace-cdn.com/content/v1/6022114419b886404b1030fa/1618279181116-B3S6811C55FWFN7Y97Q2/10321037_10203964074607034_8729481773524308162_o.jpg,,Yes,published,,,lisa-kramer,lisa-kramer,,2026-01-13T03:20:49.003Z
Jaime Carillo,Actor,,http://images.squarespace-cdn.com/content/v1/6022114419b886404b1030fa/1616123709162-89WJOW5EMCZ3NSGIW5T1/Screen-Shot-2018-05-07-at-4.50.30-PM.png,,Yes,published,,,jaime-carillo,jaime-carillo,,2026-01-13T03:20:49.003Z
Masha Mendieta,Actor,,http://images.squarespace-cdn.com/content/v1/6022114419b886404b1030fa/1616122621689-A6K9VO5JSSANF8TTF2YV/0323+web.jpg,,Yes,published,,,masha-mendieta,masha-mendieta,,2026-01-13T03:20:49.003Z
November Christine,Actor,,http://images.squarespace-cdn.com/content/v1/6022114419b886404b1030fa/1616127429568-GG2YRUE3ZXZ1JKBSCHF7/November+Christine+-+PJ+Norton+-+Headshot.jpg,,Yes,published,,,november-christine,november-christine,,2026-01-13T03:20:49.003Z
Dionne Audain,Actor,,http://images.squarespace-cdn.com/content/v1/6022114419b886404b1030fa/1613448633410-OG9YYHAKBVGRVEYMFQUQ/dionne.jpg,,Yes,published,,,dionne-audain,dionne-audain,,2026-01-13T03:20:49.003Z
Mabel Demera Grijalva,Road Manager,,http://images.squarespace-cdn.com/content/v1/6022114419b886404b1030fa/1616705526232-PD6A9YQB02JWHZWFYZPB/15374016967_88a5816eef_o.jpg,,Yes,published,,,mabel-demera-grijalva,mabel-demera-grijalva,,2026-01-13T03:20:49.003Z
David D. Mitchell,Artistic Director (RotM Theatre),,http://images.squarespace-cdn.com/content/v1/6022114419b886404b1030fa/1616120442122-Q44HMR3G6UKLIOSICQOQ/d3.jpg,,Yes,published,,,david-d-mitchell,david-d-mitchell,,2026-01-13T03:20:49.003Z
David Kellam,Actor,,http://images.squarespace-cdn.com/content/v1/6022114419b886404b1030fa/1616110375560-AYK3RV4YDLQMUKAR5OH4/44074815_10156771414829516_8873680227725737984_n.jpg,,Yes,published,,,david-kellam,david-kellam,,2026-01-13T03:20:49.003Z
Kareem Carpenter,Actor,,http://images.squarespace-cdn.com/content/v1/6022114419b886404b1030fa/1616116419748-745HG1QZ56HKLBH99QII/5159931124_3c468bf768_o.jpg,,Yes,published,,,kareem-carpenter,kareem-carpenter,,2026-01-13T03:20:49.003Z
David Winters,Actor,,http://images.squarespace-cdn.com/content/v1/6022114419b886404b1030fa/1616116200150-Q860EG6NJKFYZAX09HN4/178456_963042178639_1935220709_o.jpg,,Yes,published,,,david-winters,david-winters,,2026-01-13T03:20:49.003Z
Anne Letscher,Actor,,http://images.squarespace-cdn.com/content/v1/6022114419b886404b1030fa/1616115719064-B4TGY44D52E3ZD75NEEL/11419324_10153367535496460_3141386440042935313_o.jpg,,Yes,published,,,anne-letscher,anne-letscher,,2026-01-13T03:20:49.003Z
Louis B. Murray,Actor,,http://images.squarespace-cdn.com/content/v1/6022114419b886404b1030fa/1616109677123-G86I12VKKE25KQ06YWIU/170764_10150118065617533_3886221_o.jpg,,Yes,published,,,louis-b-murray,louis-b-murray,,2026-01-13T03:20:49.003Z
Katarina Hughes,Actor,,http://images.squarespace-cdn.com/content/v1/6022114419b886404b1030fa/1613447510714-D5UDZGJUI4W1AVY7W8SD/katarina.jpg,,Yes,published,,,katarina-hughes,katarina-hughes,,2026-01-13T03:20:49.003Z
Tamara Easton,Actor,,http://images.squarespace-cdn.com/content/v1/6022114419b886404b1030fa/1613448369873-ZM7H16MQY8TZVMT3X2B2/tamara.jpg,,Yes,published,,,tamara-easton,tamara-easton,,2026-01-13T03:20:49.003Z
Natalie Hirsch,Actor,,http://images.squarespace-cdn.com/content/v1/6022114419b886404b1030fa/1613448127459-CFMCBAZGXCKGSLMWEWD2/nataliehirsch.jpg,,Yes,published,,,natalie-hirsch,natalie-hirsch,,2026-01-13T03:20:49.003Z
Maggie Thompson,Actor,,http://images.squarespace-cdn.com/content/v1/6022114419b886404b1030fa/1613447933374-H3AJGR8DYFZB223GAZTK/maggie.jpg,,Yes,published,,,maggie-thompson,maggie-thompson,,2026-01-13T03:20:49.003Z
Lauren Ullrich,Actor,,http://images.squarespace-cdn.com/content/v1/6022114419b886404b1030fa/1613447631486-8T3WFVSSST1P727R9IIS/lauren.jpg,,Yes,published,,,lauren-ullrich,lauren-ullrich,,2026-01-13T03:20:49.003Z
Kaitlin Hernandez,Actor,,http://images.squarespace-cdn.com/content/v1/6022114419b886404b1030fa/1613447052025-VX0ZDEAUXN9UQZ5I0U8U/kaitlinhernandez.jpg,,Yes,published,,,kaitlin-hernandez,kaitlin-hernandez,,2026-01-13T03:20:49.003Z
J'nelle Bobb-Semple,Actor,,http://images.squarespace-cdn.com/content/v1/6022114419b886404b1030fa/1613446861648-D36XBA4SP04OPVE85SKB/jnelle.jpg,,Yes,published,,,jnelle-bobb-semple,jnelle-bobb-semple,,2026-01-13T03:20:49.003Z
Jennifer Rodriguez,Actor,,http://images.squarespace-cdn.com/content/v1/6022114419b886404b1030fa/1613446544508-EL80CH45G7LP4PM7QE1F/jenniferrodriguez.jpg,,Yes,published,,,jennifer-rodriguez,jennifer-rodriguez,,2026-01-13T03:20:49.004Z
Jamie Blanek,Actor,,http://images.squarespace-cdn.com/content/v1/6022114419b886404b1030fa/1613446272425-8158GTIS6SS8SOLRPMZ9/jamie.jpg,,Yes,published,,,jamie-blanek,jamie-blanek,,2026-01-13T03:20:49.004Z
Heather Ichihashi,Actor,,http://images.squarespace-cdn.com/content/v1/6022114419b886404b1030fa/1613446070426-T15U8Z70J3G5EOJ4CHUL/heatherichihashi.jpg,,Yes,published,,,heather-ichihashi,heather-ichihashi,,2026-01-13T03:20:49.004Z
Hanniel Sindelar,Actor,,http://images.squarespace-cdn.com/content/v1/6022114419b886404b1030fa/1613445911317-UMAFNFCMILXL1PE6C6FQ/hanni.jpg,,Yes,published,,,hanniel-sindelar,hanniel-sindelar,,2026-01-13T03:20:49.004Z
Garrett Bales,Actor,,http://images.squarespace-cdn.com/content/v1/6022114419b886404b1030fa/1613445410361-DJJK492BHJ1G4O23FG29/garrett.jpg,,Yes,published,,,garrett-bales,garrett-bales,,2026-01-13T03:20:49.004Z
Diana Beshara,Actor,,http://images.squarespace-cdn.com/content/v1/6022114419b886404b1030fa/1613445174952-JG2JU48BOW6J2LESBY9Z/diana.jpg,,Yes,published,,,diana-beshara,diana-beshara,,2026-01-13T03:20:49.004Z
Courtney Dusenberry,Actor,,http://images.squarespace-cdn.com/content/v1/6022114419b886404b1030fa/1613445055707-6ARDMKSDWT1T630EVFE5/courtney.jpg,,Yes,published,,,courtney-dusenberry,courtney-dusenberry,,2026-01-13T03:20:49.004Z
Bryant Vance,Actor,,http://images.squarespace-cdn.com/content/v1/6022114419b886404b1030fa/1613444390264-58BBLF2W555074MDZ664/bryant.jpg,,Yes,published,,,bryant-vance,bryant-vance,,2026-01-13T03:20:49.004Z
Alena Acker,Actor,,http://images.squarespace-cdn.com/content/v1/6022114419b886404b1030fa/1613444046118-Q86OSBW8YB1NZL1TLPJ6/alena.jpg,,Yes,published,,,alena-acker,alena-acker,,2026-01-13T03:20:49.004Z
Adam Griffith,Actor,,http://images.squarespace-cdn.com/content/v1/6022114419b886404b1030fa/1613442860555-90QQQ041YHC0EC1LVCHQ/Adam.jpg,,Yes,published,,,adam-griffith,adam-griffith,,2026-01-13T03:20:49.004Z
Zoë Reiniger,Actor,,http://images.squarespace-cdn.com/content/v1/6022114419b886404b1030fa/1613279736163-UJ8Z6228ES22N3B4LEU1/zoe.jpg,,Yes,published,,,zoe-reiniger,zoe-reiniger,,2026-01-13T03:20:49.004Z
Tzena Nicole,Actor,,http://images.squarespace-cdn.com/content/v1/6022114419b886404b1030fa/1613279621061-WYC9H3QXSLQMIF4K5ME3/tzena.jpg,,Yes,published,,,tzena-nicole,tzena-nicole,,2026-01-13T03:20:49.004Z
Tiffany May,Actor,,http://images.squarespace-cdn.com/content/v1/6022114419b886404b1030fa/1613279489006-DIT33SK3PWE9L1YJ2YHJ/tiffany.jpg,,Yes,published,,,tiffany-may,tiffany-may,,2026-01-13T03:20:49.004Z
Solia Martinez-Jacobs,Actor,,http://images.squarespace-cdn.com/content/v1/6022114419b886404b1030fa/1613279358315-AEYVR1LS7FIRZTBF8JY8/solia.jpg,,Yes,published,,,solia-martinez-jacobs,solia-martinez-jacobs,,2026-01-13T03:20:49.004Z
Sarah Cronk,Actor,,http://images.squarespace-cdn.com/content/v1/6022114419b886404b1030fa/1613279191324-HWGPJMIN353V8HEZ1P4P/CronkHeadshot.jpg,,Yes,published,,,sarah-cronk,sarah-cronk,,2026-01-13T03:20:49.004Z
Sarah Benjamin,Actor,,http://images.squarespace-cdn.com/content/v1/6022114419b886404b1030fa/1613278712335-C430TDGUTKOEW2535HW6/sarah.jpg,,Yes,published,,,sarah-benjamin,sarah-benjamin,,2026-01-13T03:20:49.004Z
Rob Salas,Director,,http://images.squarespace-cdn.com/content/v1/6022114419b886404b1030fa/1613278568345-UGX9SAZ6JPU86DO2SE2K/rob2.jpg,,Yes,published,,,rob-salas,rob-salas,,2026-01-13T03:20:49.004Z
Regina Gibson,Actor,,http://images.squarespace-cdn.com/content/v1/6022114419b886404b1030fa/1613278357137-3MJHNRP71GGX8XVWUSPF/regina.jpg,,Yes,published,,,regina-gibson,regina-gibson,,2026-01-13T03:20:49.004Z
Rebecca Aranda,Actor,,http://images.squarespace-cdn.com/content/v1/6022114419b886404b1030fa/1613278246148-Z59OJ0WL1JHQ3H8M341X/rebecca.jpg,,Yes,published,,,rebecca-aranda,rebecca-aranda,,2026-01-13T03:20:49.004Z
Randyll Wendl,Actor,,http://images.squarespace-cdn.com/content/v1/6022114419b886404b1030fa/1613278138361-9UDX2RBLXFK8IIN6NP5T/randyll.jpg,,Yes,published,,,randyll-wendl,randyll-wendl,,2026-01-13T03:20:49.004Z
Rachel Gross,Actor,,http://images.squarespace-cdn.com/content/v1/6022114419b886404b1030fa/1613278011911-88JM1HBV7ZI196760500/rachel.jpg,,Yes,published,,,rachel-gross,rachel-gross,,2026-01-13T03:20:49.004Z
Rachael Palmer Jones,Actor,,http://images.squarespace-cdn.com/content/v1/6022114419b886404b1030fa/1613277875794-OE9U17JABF53CZRX3O8T/rachael.jpg,,Yes,published,,,rachael-palmer-jones,rachael-palmer-jones,,2026-01-13T03:20:49.004Z
Nemuna Ceesay,Actor,,http://images.squarespace-cdn.com/content/v1/6022114419b886404b1030fa/1613277684711-K9WEXV4D1V4GUGZHEB9Z/nemuna.jpg,,Yes,published,,,nemuna-ceesay,nemuna-ceesay,,2026-01-13T03:20:49.004Z
Natalie Benally,Actor,,http://images.squarespace-cdn.com/content/v1/6022114419b886404b1030fa/1613277574026-5HMSQ55CQFBZER2E9OK4/natalie.jpg,,Yes,published,,,natalie-benally,natalie-benally,,2026-01-13T03:20:49.004Z
Mikkei Fritz,Actor,,http://images.squarespace-cdn.com/content/v1/6022114419b886404b1030fa/1613277374279-V13XMETX8CJ8179K6L46/mikkei.jpg,,Yes,published,,,mikkei-fritz,mikkei-fritz,,2026-01-13T03:20:49.004Z
Michelle Santagate,Actor,,http://images.squarespace-cdn.com/content/v1/6022114419b886404b1030fa/1613277014774-VME2O8T66Q7RJZMJIBCH/michelle.jpg,,Yes,published,,,michelle-santagate,michelle-santagate,,2026-01-13T03:20:49.004Z
Michael Rau,Director,,http://images.squarespace-cdn.com/content/v1/6022114419b886404b1030fa/1613276889225-JA9LFEBB66XS7C9RVW6Q/michaelrau.jpg,,Yes,published,,,michael-rau,michael-rau,,2026-01-13T03:20:49.004Z
Melissa Dunham,Actor,,http://images.squarespace-cdn.com/content/v1/6022114419b886404b1030fa/1613276747308-0R293YCJJEE6UEUG7ETD/melissa.jpg,,Yes,published,,,melissa-dunham,melissa-dunham,,2026-01-13T03:20:49.004Z
Mary Notari,Actor,,http://images.squarespace-cdn.com/content/v1/6022114419b886404b1030fa/1613276634096-U8OHG8JJPEUJWP6K4YTJ/marynotari.jpg,,Yes,published,,,mary-notari,mary-notari,,2026-01-13T03:20:49.004Z
Maren Uecker,Actor,,http://images.squarespace-cdn.com/content/v1/6022114419b886404b1030fa/1613276525316-B3PH8Q3JYHS0BS92X4HW/maren.jpg,,Yes,published,,,maren-uecker,maren-uecker,,2026-01-13T03:20:49.004Z
Mady Spiegel,Actor,,http://images.squarespace-cdn.com/content/v1/6022114419b886404b1030fa/1613276408535-JRCIA3UTKRNQHFHHCIH8/mady.jpg,,Yes,published,,,mady-spiegel,mady-spiegel,,2026-01-13T03:20:49.004Z
Lulu Fogarty,Actor,,http://images.squarespace-cdn.com/content/v1/6022114419b886404b1030fa/1613276174533-SAQGSIMJSD5LAJS3F4RA/lulu.jpg,,Yes,published,,,lulu-fogarty,lulu-fogarty,,2026-01-13T03:20:49.004Z
Liz Nelson,Actor,,http://images.squarespace-cdn.com/content/v1/6022114419b886404b1030fa/1613275909176-SMUWRXVJ7IA6JGD12GGO/liz.jpg,,Yes,published,,,liz-nelson,liz-nelson,,2026-01-13T03:20:49.004Z
Liz Baessler,Actor,,http://images.squarespace-cdn.com/content/v1/6022114419b886404b1030fa/1613276051585-QFOFM7HEVRQU7QOHZ6IN/liz-1.jpg,,Yes,published,,,liz-baessler,liz-baessler,,2026-01-13T03:20:49.004Z
Lisa Younger,Actor,,http://images.squarespace-cdn.com/content/v1/6022114419b886404b1030fa/1614572825578-GC9SYNRICL6FS0Y9QCKR/1915457_527637752890_5050066_n.jpg,,Yes,published,,,lisa-younger,lisa-younger,,2026-01-13T03:20:49.004Z
Kaylee Mae Tucker,Actor,,http://images.squarespace-cdn.com/content/v1/6022114419b886404b1030fa/1613275770927-D72QXWOB08HJ0RKXEQ2Z/kaylee.jpg,,Yes,published,,,kaylee-mae-tucker,kaylee-mae-tucker,,2026-01-13T03:20:49.004Z
Katie Montoya,Actor,,http://images.squarespace-cdn.com/content/v1/6022114419b886404b1030fa/1613275625859-0V54GVJ7WJ8VM4J9DJMI/katie-1.jpg,,Yes,published,,,katie-montoya,katie-montoya,,2026-01-13T03:20:49.004Z
Katie Merkel,Actor,,http://images.squarespace-cdn.com/content/v1/6022114419b886404b1030fa/1613275493444-RBNMQT9F503ETIN16Q1G/katie.jpg,,Yes,published,,,katie-merkel,katie-merkel,,2026-01-13T03:20:49.004Z
Katie Clark,Actor,,http://images.squarespace-cdn.com/content/v1/6022114419b886404b1030fa/1613275353398-785NTD7ZS1NEYTFJJ0S8/katieclark.jpg,,Yes,published,,,katie-clark,katie-clark,,2026-01-13T03:20:49.004Z
Kathy Yamamoto,Actor,,http://images.squarespace-cdn.com/content/v1/6022114419b886404b1030fa/1613275139755-C0PSCFCUQIMCYANYMLLR/kathy.jpg,,Yes,published,,,kathy-yamamoto,kathy-yamamoto,,2026-01-13T03:20:49.004Z
Katey Parker,Actor,,http://images.squarespace-cdn.com/content/v1/6022114419b886404b1030fa/1613274756371-DBAPU4CL03C8HGS1RAVB/katey.jpg,,Yes,published,,,katey-parker,katey-parker,,2026-01-13T03:20:49.004Z
Kara Wang,Actor,,http://images.squarespace-cdn.com/content/v1/6022114419b886404b1030fa/1613274558146-2ZSNWA0068H6YSDLUOEH/kara.jpg,,Yes,published,,,kara-wang,kara-wang,,2026-01-13T03:20:49.004Z
Josimar Tulloch,Actor,,http://images.squarespace-cdn.com/content/v1/6022114419b886404b1030fa/1613274379764-FD2ZM1ANZK0C64U7I7B0/josimar.jpg,,Yes,published,,,josimar-tulloch,josimar-tulloch,,2026-01-13T03:20:49.004Z
Jon Kevin Lazarus,Actor,,http://images.squarespace-cdn.com/content/v1/6022114419b886404b1030fa/1616110607650-VC1YTHUIMPFHXCFH9SE5/JonKevinLazarus---web.jpg,,Yes,published,,,jon-kevin-lazarus,jon-kevin-lazarus,,2026-01-13T03:20:49.004Z
Jim Knipple,Director,,http://images.squarespace-cdn.com/content/v1/6022114419b886404b1030fa/1613101145602-TMT9B8GNKXORHWX9X2XP/jim.jpg,,Yes,published,,,jim-knipple,jim-knipple,,2026-01-13T03:20:49.004Z
Jessica Emerson,Actor,,http://images.squarespace-cdn.com/content/v1/6022114419b886404b1030fa/1613100880096-NXWZVNK7MPDV5IZQWM88/jessie.jpg,,Yes,published,,,jessica-emerson,jessica-emerson,,2026-01-13T03:20:49.004Z
Jennifer Robideau,Actor,,http://images.squarespace-cdn.com/content/v1/6022114419b886404b1030fa/1613274127624-CXRAXWB0KXAID798VXDE/jennifer.jpg,,Yes,published,,,jennifer-robideau,jennifer-robideau,,2026-01-13T03:20:49.004Z
Jeanne Lauren Smith,Actor,,http://images.squarespace-cdn.com/content/v1/6022114419b886404b1030fa/1613273999025-EE09MF0A5Z4JGZ1C23PE/jeanne.jpg,,Yes,published,,,jeanne-lauren-smith,jeanne-lauren-smith,,2026-01-13T03:20:49.004Z
Janel Miley,Actor,,http://images.squarespace-cdn.com/content/v1/6022114419b886404b1030fa/1613273891526-R9M28GX5CI71S4GDFD4H/janel.jpg,,Yes,published,,,janel-miley,janel-miley,,2026-01-13T03:20:49.004Z
Jamil A.C. Mangan,Actor,,http://images.squarespace-cdn.com/content/v1/6022114419b886404b1030fa/1613273742158-X2AU83QXM77EVZNB3VP5/jamil.jpg,,Yes,published,,,jamil-mangan,jamil-mangan,,2026-01-13T03:20:49.004Z
Jacob Hellman,Actor,,http://images.squarespace-cdn.com/content/v1/6022114419b886404b1030fa/1613273580893-BQS1ITI8DMQ2C62KB4Y7/jacob.jpg,,Yes,published,,,jacob-hellman,jacob-hellman,,2026-01-13T03:20:49.004Z
Hilary White,Actor,,http://images.squarespace-cdn.com/content/v1/6022114419b886404b1030fa/1613273412332-FJIXKJCU1WWW5SAQ28GC/hilary.jpg,,Yes,published,,,hilary-white,hilary-white,,2026-01-13T03:20:49.004Z
Heather Massie,Actor,,http://images.squarespace-cdn.com/content/v1/6022114419b886404b1030fa/1613273254942-ELV2TLZDSLA8CLXS1F6I/heather.jpg,,Yes,published,,,heather-massie,heather-massie,,2026-01-13T03:20:49.004Z
Gillian Hurst,Actor,,http://images.squarespace-cdn.com/content/v1/6022114419b886404b1030fa/1613273146763-XT7HMJI5IF6PFJUCLNUH/gillian.jpg,,Yes,published,,,gillian-hurst,gillian-hurst,,2026-01-13T03:20:49.004Z
Gia Battista,Actor,,http://images.squarespace-cdn.com/content/v1/6022114419b886404b1030fa/1613272914568-W4ED0AVC0AMIAR59QRZG/gia.jpg,,Yes,published,,,gia-battista,gia-battista,,2026-01-13T03:20:49.004Z
Eugene Michael Santiago,Actor,,http://images.squarespace-cdn.com/content/v1/6022114419b886404b1030fa/1613272798970-0QS01BVXET82Z965OVB2/EugeneMSantiago.jpg,,Yes,published,,,eugene-michael-santiago,eugene-michael-santiago,,2026-01-13T03:20:49.004Z
Erin McBride Africa,Actor,,http://images.squarespace-cdn.com/content/v1/6022114419b886404b1030fa/1613272646107-SJXMFQASURANNXAAG1VU/erin.jpg,,Yes,published,,,erin-mcbride-africa,erin-mcbride-africa,,2026-01-13T03:20:49.004Z
Elizabeth McKinney,Actor,,http://images.squarespace-cdn.com/content/v1/6022114419b886404b1030fa/1613272470581-BZCMWA9YGVF4SUEQB2Q2/elizabethmckinney.jpg,,Yes,published,,,elizabeth-mckinney,elizabeth-mckinney,,2026-01-13T03:20:49.004Z
Elizabeth Irwin,Actor,,http://images.squarespace-cdn.com/content/v1/6022114419b886404b1030fa/1613272245568-6PNG9VNL4U9E30VZRUWA/elizabeth.jpg,,Yes,published,,,elizabeth-irwin,elizabeth-irwin,,2026-01-13T03:20:49.004Z
Drew Ernst,Actor,,http://images.squarespace-cdn.com/content/v1/6022114419b886404b1030fa/1613272060679-4DHYFYL17BXQ4QNBMFO7/drew.jpg,,Yes,published,,,drew-ernst,drew-ernst,,2026-01-13T03:20:49.004Z
Claire Harkey,Actor,,http://images.squarespace-cdn.com/content/v1/6022114419b886404b1030fa/1613271808846-51UG7X0K1VG1KPCFGB8C/claire.jpg,,Yes,published,,,claire-harkey,claire-harkey,,2026-01-13T03:20:49.004Z
Carla Neuss,Actor,,http://images.squarespace-cdn.com/content/v1/6022114419b886404b1030fa/1613271394334-XWRUKKLWB4OVEKI0VJ68/Carla.jpg,,Yes,published,,,carla-neuss,carla-neuss,,2026-01-13T03:20:49.004Z
Caitlin Green,Actor,,http://images.squarespace-cdn.com/content/v1/6022114419b886404b1030fa/1613271253730-LDWW80DQ0IT4GZR12T3G/caitlin.jpg,,Yes,published,,,caitlin-green,caitlin-green,,2026-01-13T03:20:49.004Z
C.J. Lassiter,Actor,,http://images.squarespace-cdn.com/content/v1/6022114419b886404b1030fa/1613270963300-UJ57SQ25I3NNSR975RYL/cj.jpg,,Yes,published,,,cj-lassiter,cj-lassiter,,2026-01-13T03:20:49.004Z
Byron Arreola,Actor,,http://images.squarespace-cdn.com/content/v1/6022114419b886404b1030fa/1613270810886-HEI9NI9B5UPOZO1BPS6N/Byron.jpg,,Yes,published,,,byron-arreola,byron-arreola,,2026-01-13T03:20:49.004Z
Blaine Patagoc,Actor,,http://images.squarespace-cdn.com/content/v1/6022114419b886404b1030fa/1613270285926-CUCXN3OKQTE2NODKSZ1R/blaine.jpg,,Yes,published,,,blaine-patagoc,blaine-patagoc,,2026-01-13T03:20:49.004Z
Amy E. Witting,Actor,,http://images.squarespace-cdn.com/content/v1/6022114419b886404b1030fa/1613270007564-U7PNKT8QB7WP7GYAK188/amy.jpg,,Yes,published,,,amy-e-witting,amy-e-witting,,2026-01-13T03:20:49.004Z
Amanda Cortinas,Actor,,http://images.squarespace-cdn.com/content/v1/6022114419b886404b1030fa/1613269785910-IU4FG5WS6U2HQB6VNUKU/amanda.jpg,,Yes,published,,,amanda-cortinas,amanda-cortinas,,2026-01-13T03:20:49.004Z
Alexa Green,Actor,,http://images.squarespace-cdn.com/content/v1/6022114419b886404b1030fa/1613269507112-QQ4NCB9AMVM21G13OM9M/alexa.jpg,,Yes,published,,,alexa-green,alexa-green,,2026-01-13T03:20:49.004Z
Adrienne Wheeler,Actor,,http://images.squarespace-cdn.com/content/v1/6022114419b886404b1030fa/1613266652724-YNZXDFSH6UYD19O2LQ2Z/adrienne.jpg,,Yes,published,,,adrienne-wheeler,adrienne-wheeler,,2026-01-13T03:20:49.004Z
Sarah Chien,Road Manager,,http://images.squarespace-cdn.com/content/v1/6022114419b886404b1030fa/1614574744361-Q79KS2YXNEPSBEPG2AX9/1937094_651236374922_2149246_n.jpg,,Yes,published,,,sarah-chien,sarah-chien,,2026-01-13T03:20:49.004Z
George Adams,Road Manager,,http://images.squarespace-cdn.com/content/v1/6022114419b886404b1030fa/1614574641772-NYN7WTNPGG9WXYMGD3SX/4855_1111759746480_802730_n.jpg,,Yes,published,,,george-adams,george-adams,,2026-01-13T03:20:49.004Z
Maria-Isabel Rojas,Road Manager,,http://images.squarespace-cdn.com/content/v1/6022114419b886404b1030fa/1614573521428-HZMYI8UXIJEYQLJ7GAXQ/19744_528983201600_7174262_n.jpg,,Yes,published,,,maria-isabel-rojas,maria-isabel-rojas,,2026-01-13T03:20:49.004Z
Gustavo Redín,"Director of Community Partnerships in Ecuador, Legal Council, Road Manager, Teaching Artist, Actor",,http://images.squarespace-cdn.com/content/v1/6022114419b886404b1030fa/1614575927762-MCLE3FVQ773CHSZLDLXS/gustavo.jpg,,Yes,published,"Founding Member, Staff",,gustavo-redin,gustavo-redin,,2026-01-13T03:20:49.004Z
Jason Williamson,"Resident Playwright, Founding Member, Director, Teaching Artist",,http://images.squarespace-cdn.com/content/v1/6022114419b886404b1030fa/1616719829238-TN55D4OAVI0BWZZZISHM/jason.jpg,,Yes,published,"Founding Member, Staff",,jason-williamson,jason-williamson,,2026-01-13T03:20:49.004Z
Christen Madrazo,"Director of Creative Learning, Founding Member, Teaching Artist, Director, Dramaturg, Actor, Writer, Travelogue Emcee",,http://images.squarespace-cdn.com/content/v1/6022114419b886404b1030fa/1613265029568-Y5WKTZT0YLV01FBNIWAS/christen.jpg,,Yes,published,"Founding Member, Staff",,christen-madrazo,christen-madrazo,,2026-01-13T03:20:49.004Z
Vince Eaton,"Actor, Designer",,http://images.squarespace-cdn.com/content/v1/6022114419b886404b1030fa/1613263759632-RFNE3VV7SDNF6R3VE6S6/vince.jpg,,Yes,published,,,vince-eaton,vince-eaton,,2026-01-13T03:20:49.004Z
Rachel Wiese,"Actor, Director",,http://images.squarespace-cdn.com/content/v1/6022114419b886404b1030fa/1613263579352-D0JUZLGLRIHO49EKWQK9/rachel-1.jpg,,Yes,published,,,rachel-wiese,rachel-wiese,,2026-01-13T03:20:49.004Z
Lydia Feldez,Actor,,http://images.squarespace-cdn.com/content/v1/6022114419b886404b1030fa/1613263042930-N52NHTR33PGS5H90FEW0/lydia.jpg,,Yes,published,,,lydia-feldez,lydia-feldez,,2026-01-13T03:20:49.004Z
Leslie Fields,Playwright,,http://images.squarespace-cdn.com/content/v1/6022114419b886404b1030fa/1613263412506-0SZBVNHLHDYJBGIH5SJY/leslie.jpg,,Yes,published,,,leslie-fields,leslie-fields,,2026-01-13T03:20:49.004Z
Jeremy Feldez,Actor,,http://images.squarespace-cdn.com/content/v1/6022114419b886404b1030fa/1613262318320-YVPJ83IQH5D0UYWD6H0J/jeremy.jpg,,Yes,published,,,jeremy-feldez,jeremy-feldez,,2026-01-13T03:20:49.004Z
Tim “Santi” Baxter,Road Manager,,http://images.squarespace-cdn.com/content/v1/6022114419b886404b1030fa/1614568559918-C007QX2EORGAMT5WZTNJ/10392216_183948137802_7002843_n.jpg,,Yes,published,,,santi-baxter,santi-baxter,,2026-01-13T03:20:49.004Z
Oscar Manzini,Road Manager,,http://images.squarespace-cdn.com/content/v1/6022114419b886404b1030fa/1614566790895-FML6H2G52PN50Y7MC6E2/4452975020_eff1f0fb77_c.jpg,,Yes,published,,,oscar-manzini,oscar-manzini,,2026-01-13T03:20:49.004Z
Lisa Bearpark,Actor,"Paris, France",http://images.squarespace-cdn.com/content/v1/6022114419b886404b1030fa/1613103063986-1NFNPDZL7HWYC94SEWET/lisa.jpg,,Yes,published,,,lisa-bearpark,lisa-bearpark,,2026-01-13T03:20:49.004Z
Kathleen Amshoff,"Director, Founding Member, Teaching Artist",,http://images.squarespace-cdn.com/content/v1/6022114419b886404b1030fa/1613261609781-9NK94O9K3I5QK2GC7EKQ/222572_10150168380707331_1299122_n.jpg,,Yes,published,"Founding Member, Staff",,kathleen-amshoff,kathleen-amshoff,,2026-01-13T03:20:49.004Z
Mary K. Baxter,"Executive Director, Co-Founder, Actor, Teaching Artist","Philadelphia, PA",http://images.squarespace-cdn.com/content/v1/6022114419b886404b1030fa/1613110638033-OE6E6E6GI4PCUJR5853A/mary.jpg,,Yes,published,"Founding Member, Staff",,mary-k-baxter,mary-k-baxter,,2026-01-13T03:20:49.004Z
Italo de Dea,Puppet Designer,,,,Yes,published,,,italo-de-dea,italo-de-dea,,2026-01-13T03:20:49.005Z
Ariana Howell,Actor,,http://images.squarespace-cdn.com/content/v1/6022114419b886404b1030fa/1613932028574-EKI6U062YI61FKUIIMNO/Ariana_Howell_Headshot.jpg,,Yes,published,,,ariana-howell,ariana-howell,,2026-01-13T03:20:49.005Z